Movie Name,Language,Genre,Rating,Review
Inception,English,Sci-Fi,8.8,Mind-bending thriller with stunning visuals.
Parasite,Korean,Thriller,8.6,Masterpiece with social commentary and suspense.
The Dark Knight,English,Action,9.0,Iconic performance by Heath Ledger as Joker.
Interstellar,English,Sci-Fi,8.7,A visually stunning space exploration story.
Spirited Away,Japanese,Animation,8.6,Beautifully animated fantasy adventure.
Titanic,English,Romance,7.8,Epic love story with a tragic ending.
Joker,English,Drama,8.4,Dark and gripping character study.
The Godfather,English,Crime,9.2,A classic crime drama with brilliant storytelling.
Avengers: Endgame,English,Action,8.4,Epic conclusion to the Marvel saga.
Coco,English,Animation,8.4,Heartwarming story with vibrant visuals.
3 Idiots,Hindi,Comedy,8.4,Inspirational and humorous take on education.
Dangal,Hindi,Sports,8.3,Empowering story of female wrestlers.
Zindagi Na Milegi Dobara,Hindi,Drama,8.1,A soul-searching road trip adventure.
Gully Boy,Hindi,Musical,7.9,A gripping story of an aspiring rapper.
Sholay,Hindi,Action,8.2,A legendary Bollywood classic.
